workflow_id,ensemble_score,representatives_dist,tradeoffs_dist,index
37daabe3af4a4a80969a5f2ce05e542f,0.17235406711097034,0.20652255333973324,0.092627599243857,12
