workflow_id,ensemble_score,representatives_dist,tradeoffs_dist,index
b027f411218b4d0f86bc96bf49f73963,0.0006248421153863148,0.0008926315934090212,0.0,18
