workflow_id,ensemble_score,representatives_dist,tradeoffs_dist,index
1128f16afd884d76b8b1a2a2352750ec,0.210413685942876,0.3005909799183943,0.0,90
