workflow_id,ensemble_score,representatives_dist,tradeoffs_dist,index
36ab91ce2b50497699aacab1e94db911,0.32781086883048105,0.46830124118640154,0.0,64
