workflow_id,ensemble_score,representatives_dist,tradeoffs_dist,index
5650e7607b524599a4152fc9a0f3a211,0.13475561609530576,0.19250802299329395,0.0,161
