cluster_id,hero_workflow_id,ensemble_score,representatives_distance,tradeoffs_distance
0,1128f16afd884d76b8b1a2a2352750ec,0.210413685942876,0.3005909799183943,0.0
3,9c69c588fd5440b9a7c5bcf0195a8ce4,0.2100698384984726,0.3000997692835323,0.0
4,5650e7607b524599a4152fc9a0f3a211,0.13475561609530576,0.19250802299329395,0.0
5,1a2a05dfac9845a7bdbf71c4b1f16d8b,0.19096111918604644,0.2728015988372092,0.0
6,36ab91ce2b50497699aacab1e94db911,0.32781086883048105,0.46830124118640154,0.0
